5.000000e-01,2.330344e-01
3.822752e-01,2.330344e-01
3.822752e-01,9.541616e-02
3.822752e-01,9.541616e-02
3.822752e-01,1.471997e-01
3.822752e-01,1.471997e-01
3.822752e-01,1.471997e-01
3.822752e-01,1.471997e-01
3.822752e-01,1.471997e-01
3.647736e-01,1.471997e-01
3.647736e-01,1.471997e-01
3.647736e-01,1.471997e-01
3.647736e-01,1.471997e-01
3.387979e-01,1.471997e-01
2.975750e-01,1.471997e-01
2.975750e-01,9.111573e-03
2.975750e-01,4.512260e-02
2.975750e-01,4.512260e-02
2.975750e-01,4.512260e-02
3.041564e-01,4.512260e-02
2.626206e-01,4.512260e-02
2.626206e-01,4.512260e-02
2.626206e-01,-2.615060e-02
2.626206e-01,-1.183048e-01
2.474228e-01,-1.183048e-01
2.474228e-01,-1.183048e-01
2.408505e-01,-1.183048e-01
2.408505e-01,-1.183048e-01
2.030982e-01,-1.183048e-01
2.030982e-01,-1.183048e-01
2.030982e-01,-1.183048e-01
2.030982e-01,-1.183048e-01
2.030982e-01,-1.183048e-01
2.030982e-01,-5.270320e-02
2.030982e-01,-5.270320e-02
1.173609e-01,-5.270320e-02
1.173609e-01,-5.270320e-02
1.173609e-01,-2.022271e-01
1.173609e-01,-2.610746e-01
5.475718e-04,-2.610746e-01
5.475718e-04,-2.610746e-01
5.475718e-04,-2.610746e-01
5.475718e-04,-2.610746e-01
5.475718e-04,-3.292290e-01
5.475718e-04,-3.880501e-01
5.475718e-04,-3.880501e-01
-1.781089e-01,-3.880501e-01
-1.781089e-01,-3.880501e-01
-1.781089e-01,-3.880501e-01
-1.880418e-01,-3.880501e-01
-1.880418e-01,-3.880501e-01
-1.880418e-01,-3.880501e-01
-1.880418e-01,-4.610969e-01
-1.880418e-01,-4.610969e-01
-1.880418e-01,-4.610969e-01
-2.428300e-01,-4.610969e-01
-2.428300e-01,-4.610969e-01
-2.428300e-01,-4.610969e-01
-2.428300e-01,-4.717445e-01
-2.428300e-01,-5.601607e-01
-2.582356e-01,-5.601607e-01
-2.582356e-01,-5.601607e-01
-2.582356e-01,-5.601607e-01
-2.582356e-01,-5.601607e-01
-2.582356e-01,-6.365690e-01
-2.582356e-01,-6.365690e-01
-3.388730e-01,-6.365690e-01
-3.388730e-01,-6.365690e-01
-3.388730e-01,-6.862792e-01
-4.346735e-01,-6.862792e-01
-4.346735e-01,-6.862792e-01
-4.346735e-01,-7.338061e-01
-4.346735e-01,-7.510597e-01
-4.778793e-01,-7.510597e-01
-4.778793e-01,-7.510597e-01
-4.778793e-01,-7.510597e-01
-4.778793e-01,-7.510597e-01
-5.374396e-01,-7.510597e-01
-5.374396e-01,-8.659289e-01
-5.374396e-01,-8.659289e-01
-5.374396e-01,-8.659289e-01
-6.955803e-01,-8.659289e-01
-6.955803e-01,-8.867747e-01
-6.722598e-01,-8.867747e-01
-6.722598e-01,-8.867747e-01
-6.722598e-01,-9.320632e-01
-5.970027e-01,-9.320632e-01
-5.970027e-01,-9.623721e-01
-5.970027e-01,-9.623721e-01
-5.970027e-01,-9.861826e-01
-6.566136e-01,-9.861826e-01
-6.566136e-01,-9.230364e-01
-7.326552e-01,-9.230364e-01
-8.579445e-01,-9.230364e-01
-8.579445e-01,-9.134239e-01
-8.855055e-01,-9.134239e-01
-8.572818e-01,-9.134239e-01
-8.775073e-01,-9.134239e-01
-8.775073e-01,-9.134239e-01
-8.531838e-01,-9.134239e-01
-8.531838e-01,-9.134239e-01
-8.531838e-01,-8.924847e-01
-8.531838e-01,-8.924847e-01
-8.478198e-01,-8.924847e-01
-8.478198e-01,-9.008256e-01
-8.478198e-01,-9.008256e-01
-7.964752e-01,-9.008256e-01
-7.964752e-01,-9.008256e-01
-7.964752e-01,-9.816044e-01
-7.964752e-01,-9.816044e-01
-7.448841e-01,-9.816044e-01
-6.915321e-01,-9.816044e-01
-6.444163e-01,-9.816044e-01
-6.444163e-01,-9.816044e-01
-6.444163e-01,-9.816044e-01
-6.444163e-01,-9.816044e-01
-6.444163e-01,-9.816044e-01
-6.444163e-01,-9.816044e-01
-6.444163e-01,-9.816044e-01
-7.252653e-01,-9.816044e-01
-5.870928e-01,-9.816044e-01
-5.870928e-01,-9.816044e-01
-5.870928e-01,-9.816044e-01
-7.695730e-01,-9.816044e-01
-7.695730e-01,-9.816044e-01
-6.227532e-01,-9.816044e-01
-6.227532e-01,-9.816044e-01
-6.227532e-01,-9.530417e-01
-5.938033e-01,-9.530417e-01
-5.938033e-01,-9.530417e-01
-5.938033e-01,-9.530417e-01
-5.938033e-01,-9.530417e-01
-5.857740e-01,-9.530417e-01
-5.294590e-01,-9.530417e-01
-5.294590e-01,-9.739617e-01
-5.204089e-01,-9.739617e-01
-4.476227e-01,-9.739617e-01
-5.404506e-01,-9.739617e-01
-6.794332e-01,-9.739617e-01
-6.794332e-01,-9.739617e-01
-6.794332e-01,-9.739617e-01
-6.669542e-01,-9.739617e-01
-6.669542e-01,-9.739617e-01
-6.669542e-01,-9.825975e-01
-6.669542e-01,-9.825975e-01
-6.669542e-01,-9.825975e-01
-6.669542e-01,-9.825975e-01
-6.669542e-01,-9.825975e-01
-6.669542e-01,-9.825975e-01
-5.448684e-01,-9.825975e-01
-5.448684e-01,-9.825975e-01
-5.448684e-01,-9.580785e-01
-5.448684e-01,-9.214420e-01
-5.112225e-01,-9.214420e-01
-6.144396e-01,-9.214420e-01
-6.144396e-01,-9.443793e-01
-6.144396e-01,-9.443793e-01
-6.144396e-01,-9.102949e-01
-6.175514e-01,-9.102949e-01
-6.175514e-01,-9.102949e-01
-6.175514e-01,-9.102949e-01
-6.175514e-01,-9.370476e-01
-6.287295e-01,-9.370476e-01
-6.287295e-01,-9.370476e-01
-7.003257e-01,-9.370476e-01
-8.465970e-01,-9.370476e-01
-8.558260e-01,-9.370476e-01
-8.558260e-01,-9.370476e-01
-8.558260e-01,-9.370476e-01
-8.670902e-01,-9.370476e-01
-8.670902e-01,-9.370476e-01
-8.670902e-01,-9.406631e-01
-8.670902e-01,-9.406631e-01
-8.670902e-01,-9.406631e-01
-7.776399e-01,-9.406631e-01
-7.776399e-01,-9.406631e-01
-7.776399e-01,-9.406631e-01
-8.263181e-01,-9.406631e-01
-8.263181e-01,-9.406631e-01
-8.263181e-01,-9.406631e-01
-8.263181e-01,-8.597797e-01
-8.263181e-01,-8.815505e-01
-8.042495e-01,-8.815505e-01
-8.042495e-01,-8.815505e-01
-8.042495e-01,-8.815505e-01
-8.042495e-01,-8.815505e-01
-8.042495e-01,-8.934864e-01
-7.018421e-01,-8.934864e-01
-7.018421e-01,-8.934864e-01
-7.866126e-01,-8.934864e-01
-7.866126e-01,-8.934864e-01
-7.040102e-01,-8.934864e-01
-7.040102e-01,-8.934864e-01
-8.202876e-01,-8.934864e-01
-9.993122e-01,-8.934864e-01
-9.993122e-01,-8.934864e-01
-9.993122e-01,-8.934864e-01
-9.993122e-01,-8.934864e-01
-1.013351e+00,-8.934864e-01
-1.008619e+00,-8.934864e-01
-1.036801e+00,-8.934864e-01
-1.036801e+00,-8.934864e-01
-1.036801e+00,-8.934864e-01
-1.075600e+00,-8.934864e-01
-1.056588e+00,-8.934864e-01
-8.397024e-01,-8.934864e-01
-8.397024e-01,-8.934864e-01
-9.021296e-01,-8.934864e-01
-9.314351e-01,-8.934864e-01
-9.314351e-01,-8.934864e-01
-9.585123e-01,-8.934864e-01
-8.517525e-01,-8.934864e-01
-9.330354e-01,-8.934864e-01
-9.330354e-01,-8.934864e-01
-9.330354e-01,-8.946757e-01
-9.330354e-01,-8.946757e-01
-9.330354e-01,-8.684551e-01
-9.330354e-01,-8.684551e-01
-1.006907e+00,-8.684551e-01
-8.698004e-01,-8.684551e-01
-9.206216e-01,-8.684551e-01
-1.112038e+00,-8.684551e-01
-9.262057e-01,-8.684551e-01
-1.012450e+00,-8.684551e-01
-1.012450e+00,-8.684551e-01
-1.076755e+00,-8.684551e-01
-1.076755e+00,-8.684551e-01
-1.025012e+00,-8.684551e-01
-1.116573e+00,-8.684551e-01
-1.116573e+00,-7.953227e-01
-1.116573e+00,-7.953227e-01
-1.263071e+00,-7.953227e-01
-1.263071e+00,-7.953227e-01
-1.263071e+00,-7.953227e-01
-1.226285e+00,-7.953227e-01
-1.226285e+00,-7.765443e-01
-1.226285e+00,-7.919617e-01
-1.307135e+00,-7.919617e-01
-1.350216e+00,-7.919617e-01
-1.197006e+00,-7.919617e-01
-1.197006e+00,-7.702043e-01
-1.187785e+00,-7.702043e-01
-1.129878e+00,-7.702043e-01
-1.129878e+00,-7.795668e-01
-1.159451e+00,-7.795668e-01
-1.250017e+00,-7.795668e-01
-1.299999e+00,-7.795668e-01
-1.299999e+00,-7.795668e-01
-1.299999e+00,-7.282266e-01
-1.563467e+00,-7.282266e-01
-1.563467e+00,-7.707418e-01
-1.563467e+00,-7.707418e-01
-1.631672e+00,-7.707418e-01
-1.631672e+00,-7.268583e-01
-1.631672e+00,-7.268583e-01
-1.631672e+00,-7.268583e-01
-1.647345e+00,-7.268583e-01
-1.647345e+00,-6.761974e-01
-1.647345e+00,-6.761974e-01
-1.753775e+00,-6.761974e-01
-1.753775e+00,-6.761974e-01
-1.787474e+00,-6.761974e-01
-1.787474e+00,-7.392666e-01
-1.747321e+00,-7.392666e-01
-1.747321e+00,-7.285058e-01
-1.724102e+00,-7.285058e-01
-1.609208e+00,-7.285058e-01
-1.521720e+00,-7.285058e-01
-1.542262e+00,-7.285058e-01
-1.572177e+00,-7.285058e-01
-1.572177e+00,-7.285058e-01
-1.572177e+00,-7.285058e-01
-1.604278e+00,-7.285058e-01
-1.634673e+00,-7.285058e-01
-1.575530e+00,-7.285058e-01
-1.725418e+00,-7.285058e-01
-1.725418e+00,-6.715098e-01
-1.797532e+00,-6.715098e-01
-1.797532e+00,-6.979509e-01
-1.803868e+00,-6.979509e-01
-1.693666e+00,-6.979509e-01
-1.562071e+00,-6.979509e-01
-1.562071e+00,-6.979509e-01
-1.562071e+00,-6.979509e-01
-1.562071e+00,-7.263609e-01
-1.562071e+00,-7.263609e-01
-1.562071e+00,-6.552220e-01
-1.562071e+00,-6.552220e-01
-1.688987e+00,-6.552220e-01
-1.688987e+00,-6.552220e-01
-1.760731e+00,-6.552220e-01
-1.760731e+00,-6.552220e-01
-1.794635e+00,-6.552220e-01
-1.794635e+00,-6.902192e-01
-1.794635e+00,-6.902192e-01
-1.794635e+00,-6.902192e-01
-1.860608e+00,-6.902192e-01
-1.860608e+00,-6.902192e-01
-1.860608e+00,-6.902192e-01
-1.860608e+00,-6.902192e-01
-1.860608e+00,-6.902192e-01
-1.850974e+00,-6.902192e-01
-1.850974e+00,-6.902192e-01
-1.850974e+00,-6.902192e-01
-1.850974e+00,-6.997463e-01
-1.850974e+00,-6.997463e-01
-1.762141e+00,-6.997463e-01
-1.762141e+00,-6.997463e-01
-1.762141e+00,-7.223185e-01
-1.762141e+00,-6.914471e-01
-1.762141e+00,-6.914471e-01
-1.794634e+00,-6.914471e-01
-1.705598e+00,-6.914471e-01
-1.705598e+00,-7.097069e-01
-1.705598e+00,-7.097069e-01
-1.558005e+00,-7.097069e-01
-1.558005e+00,-7.097069e-01
-1.558005e+00,-7.543242e-01
-1.575948e+00,-7.543242e-01
-1.575948e+00,-7.136311e-01
-1.479358e+00,-7.136311e-01
-1.479358e+00,-7.136311e-01
-1.381941e+00,-7.136311e-01
-1.310792e+00,-7.136311e-01
-1.310792e+00,-7.136311e-01
-1.310792e+00,-7.136311e-01
-1.310792e+00,-7.136311e-01
-1.281487e+00,-7.136311e-01
-1.301587e+00,-7.136311e-01
-1.301587e+00,-7.136311e-01
-1.301587e+00,-8.090818e-01
-1.301587e+00,-8.214179e-01
-1.267720e+00,-8.214179e-01
-1.267720e+00,-8.028543e-01
-1.267720e+00,-8.028543e-01
-1.267720e+00,-8.028543e-01
-1.267720e+00,-7.668170e-01
-1.286244e+00,-7.668170e-01
-1.112905e+00,-7.668170e-01
-1.112905e+00,-8.400928e-01
-1.112905e+00,-8.400928e-01
-1.112905e+00,-8.400928e-01
-1.112905e+00,-8.400928e-01
-1.112905e+00,-7.731730e-01
-1.112905e+00,-8.460459e-01
-1.112905e+00,-8.460459e-01
-1.112905e+00,-8.460459e-01
-1.084321e+00,-8.460459e-01
-1.084321e+00,-8.460459e-01
-9.822422e-01,-8.460459e-01
-1.062429e+00,-8.460459e-01
-1.009252e+00,-8.460459e-01
-1.081764e+00,-8.460459e-01
-9.775591e-01,-8.460459e-01
-9.775591e-01,-8.460459e-01
-1.129762e+00,-8.460459e-01
-1.129762e+00,-8.548846e-01
-1.129762e+00,-7.503546e-01
-1.236325e+00,-7.503546e-01
-1.236325e+00,-7.503546e-01
-1.217232e+00,-7.503546e-01
-1.217232e+00,-7.503546e-01
-1.217232e+00,-7.503546e-01
-1.217232e+00,-7.503546e-01
-1.217232e+00,-7.503546e-01
-1.217232e+00,-7.503546e-01
-1.197574e+00,-7.503546e-01
-1.197574e+00,-8.303335e-01
-1.197574e+00,-8.267236e-01
-1.197574e+00,-7.859248e-01
-1.197574e+00,-7.859248e-01
-1.198011e+00,-7.859248e-01
-1.198011e+00,-8.489284e-01
-1.142374e+00,-8.489284e-01
-1.162395e+00,-8.489284e-01
-1.001737e+00,-8.489284e-01
-1.001737e+00,-8.489284e-01
-1.001737e+00,-8.628482e-01
-1.001737e+00,-8.628482e-01
-1.001737e+00,-8.628482e-01
-1.001737e+00,-8.824471e-01
-1.001737e+00,-8.824471e-01
-1.001737e+00,-8.824471e-01
-1.001737e+00,-8.919272e-01
-7.587084e-01,-8.919272e-01
-7.587084e-01,-8.801809e-01
-7.600767e-01,-8.801809e-01
-8.007131e-01,-8.801809e-01
-9.033274e-01,-8.801809e-01
-9.033274e-01,-8.499971e-01
-9.033274e-01,-8.499971e-01
-9.033274e-01,-8.499971e-01
-9.040444e-01,-8.499971e-01
-8.628027e-01,-8.499971e-01
-8.628027e-01,-8.499971e-01
-8.628027e-01,-9.216066e-01
-7.032568e-01,-9.216066e-01
-7.414815e-01,-9.216066e-01
-7.414815e-01,-9.216066e-01
-7.414815e-01,-9.216066e-01
-7.414815e-01,-9.216066e-01
-7.970331e-01,-9.216066e-01
-7.970331e-01,-9.216066e-01
-7.970331e-01,-9.250764e-01
-6.932862e-01,-9.250764e-01
-6.932862e-01,-9.250764e-01
-6.932862e-01,-9.250764e-01
-6.932862e-01,-9.250764e-01
-7.848982e-01,-9.250764e-01
-7.848982e-01,-9.250764e-01
-7.848982e-01,-9.250764e-01
-7.080553e-01,-9.250764e-01
-8.697009e-01,-9.250764e-01
-8.697009e-01,-9.250764e-01
-8.944649e-01,-9.250764e-01
-8.944649e-01,-9.250764e-01
-8.944649e-01,-9.250764e-01
-8.490031e-01,-9.250764e-01
-8.490031e-01,-9.067761e-01
-8.490031e-01,-9.067761e-01
-8.490031e-01,-9.067761e-01
-7.597476e-01,-9.067761e-01
-7.597476e-01,-9.272752e-01
-7.597476e-01,-9.272752e-01
-7.597476e-01,-9.272752e-01
-7.597476e-01,-9.272752e-01
-7.597476e-01,-9.272752e-01
-7.597476e-01,-9.272752e-01
-7.862325e-01,-9.272752e-01
-7.862325e-01,-9.272752e-01
-7.862325e-01,-9.272752e-01
-7.862325e-01,-9.272752e-01
-7.862325e-01,-9.272752e-01
-7.884788e-01,-9.272752e-01
-6.453251e-01,-9.272752e-01
-6.719107e-01,-9.272752e-01
-6.719107e-01,-9.272752e-01
-6.719107e-01,-9.272752e-01
-6.719107e-01,-9.272752e-01
-6.719107e-01,-9.272752e-01
-6.719107e-01,-9.272752e-01
-6.841563e-01,-9.272752e-01
-6.841563e-01,-9.272752e-01
-6.841563e-01,-9.272752e-01
-6.841563e-01,-9.575337e-01
-6.841563e-01,-9.575337e-01
-6.430891e-01,-9.575337e-01
-6.430891e-01,-9.575337e-01
-7.133028e-01,-9.575337e-01
-7.133028e-01,-9.575337e-01
-7.133028e-01,-9.575337e-01
-6.830816e-01,-9.575337e-01
-6.830816e-01,-1.006385e+00
-6.830816e-01,-9.201296e-01
-7.108274e-01,-9.201296e-01
-6.995509e-01,-9.201296e-01
-6.995509e-01,-9.201296e-01
-6.995509e-01,-9.201296e-01
-6.995509e-01,-9.201296e-01
-6.819897e-01,-9.201296e-01
-6.819897e-01,-9.201296e-01
-7.375527e-01,-9.201296e-01
-9.055509e-01,-9.201296e-01
-9.055509e-01,-9.032668e-01
-9.055509e-01,-8.705741e-01
-9.055509e-01,-8.705741e-01
-9.055509e-01,-8.705741e-01
-9.055509e-01,-8.705741e-01
-9.055509e-01,-8.107341e-01
-9.055509e-01,-8.107341e-01
-9.312284e-01,-8.107341e-01
-9.312284e-01,-8.107341e-01
-9.312284e-01,-8.107341e-01
-9.312284e-01,-8.107341e-01
-9.312284e-01,-8.076612e-01
-9.312284e-01,-8.076612e-01
-9.530804e-01,-8.076612e-01
-1.036927e+00,-8.076612e-01
-1.025885e+00,-8.076612e-01
-1.025885e+00,-8.255409e-01
-1.147881e+00,-8.255409e-01
-1.147881e+00,-8.255409e-01
-1.180107e+00,-8.255409e-01
-1.116259e+00,-8.255409e-01
-1.104338e+00,-8.255409e-01
-1.104338e+00,-8.255409e-01
-1.104338e+00,-8.698441e-01
-1.104338e+00,-8.698441e-01
-1.104338e+00,-8.698441e-01
-1.044034e+00,-8.698441e-01
-9.950424e-01,-8.698441e-01
-9.950424e-01,-8.292573e-01
-9.950424e-01,-8.292573e-01
-9.950424e-01,-8.687531e-01
-1.008209e+00,-8.687531e-01
-1.008209e+00,-8.687531e-01
-9.990842e-01,-8.687531e-01
-9.990842e-01,-8.146409e-01
-9.990842e-01,-8.146409e-01
-9.990842e-01,-8.146409e-01
-9.990842e-01,-8.146409e-01
-9.621086e-01,-8.146409e-01
-1.005206e+00,-8.146409e-01
-1.005206e+00,-8.146409e-01
-9.666019e-01,-8.146409e-01
-9.666019e-01,-8.146409e-01
-9.088248e-01,-8.146409e-01
-9.088248e-01,-8.266921e-01
-9.088248e-01,-8.599134e-01
-9.452258e-01,-8.599134e-01
-9.537252e-01,-8.599134e-01
-9.385017e-01,-8.599134e-01
-9.385017e-01,-8.599134e-01
-9.395313e-01,-8.599134e-01
-9.395313e-01,-8.684334e-01
-9.395313e-01,-8.684334e-01
-9.698009e-01,-8.684334e-01
-9.698009e-01,-8.684334e-01
-9.698009e-01,-8.684334e-01
-1.082755e+00,-8.684334e-01
-1.082755e+00,-8.684334e-01
-1.000796e+00,-8.684334e-01
-1.000796e+00,-8.528382e-01
-1.076341e+00,-8.528382e-01
-1.076341e+00,-8.193245e-01
-1.076341e+00,-8.662508e-01
-1.076341e+00,-8.662508e-01
-1.132880e+00,-8.662508e-01
-1.015824e+00,-8.662508e-01
-1.125673e+00,-8.662508e-01
-1.125673e+00,-8.662508e-01
-1.125673e+00,-8.662508e-01
-1.125673e+00,-8.135799e-01
-1.109325e+00,-8.135799e-01
-1.109325e+00,-8.135799e-01
-1.109325e+00,-8.135799e-01
-1.109325e+00,-8.276737e-01
-1.109325e+00,-8.394298e-01
-1.109325e+00,-8.394298e-01
-1.116605e+00,-8.394298e-01
-1.116605e+00,-8.394298e-01
-1.002456e+00,-8.394298e-01
-9.516633e-01,-8.394298e-01
-9.901622e-01,-8.394298e-01
-9.901622e-01,-8.394298e-01
-9.892644e-01,-8.394298e-01
-9.892644e-01,-9.005396e-01
-1.066358e+00,-9.005396e-01
-1.066358e+00,-8.844710e-01
-1.198174e+00,-8.844710e-01
-1.198174e+00,-8.844710e-01
-1.198174e+00,-8.985160e-01
-1.198174e+00,-8.431463e-01
-1.198174e+00,-8.431463e-01
-1.198174e+00,-8.431463e-01
-1.198174e+00,-8.431463e-01
-1.198174e+00,-8.431463e-01
-1.198174e+00,-8.431463e-01
-1.121352e+00,-8.431463e-01
-1.121352e+00,-8.566440e-01
-1.121352e+00,-8.566440e-01
-1.121352e+00,-8.566440e-01
-1.057124e+00,-8.566440e-01
-1.008768e+00,-8.566440e-01
-1.008768e+00,-8.566440e-01
-1.008768e+00,-8.566440e-01
-9.761183e-01,-8.566440e-01
-9.604909e-01,-8.566440e-01
-1.087968e+00,-8.566440e-01
-1.087968e+00,-8.566440e-01
-1.087968e+00,-8.566440e-01
-1.087968e+00,-8.566440e-01
-1.087968e+00,-8.566440e-01
-1.087968e+00,-8.472526e-01
-1.087968e+00,-8.472526e-01
-1.087968e+00,-8.472526e-01
-1.087968e+00,-8.472526e-01
-1.113283e+00,-8.472526e-01
-1.113283e+00,-8.472526e-01
-1.084480e+00,-8.472526e-01
-8.908961e-01,-8.472526e-01
-8.908961e-01,-8.872221e-01
-7.741904e-01,-8.872221e-01
-9.504708e-01,-8.872221e-01
-9.504708e-01,-8.808264e-01
-9.504708e-01,-8.808264e-01
-9.504708e-01,-8.742209e-01
-9.072934e-01,-8.742209e-01
-9.072934e-01,-8.742209e-01
-9.689173e-01,-8.742209e-01
-9.689173e-01,-8.742209e-01
-9.689173e-01,-8.536128e-01
-1.073189e+00,-8.536128e-01
-1.073189e+00,-8.536128e-01
-1.073189e+00,-8.536128e-01
-1.073189e+00,-8.536128e-01
-1.073189e+00,-8.536128e-01
-1.073189e+00,-8.577977e-01
-1.073189e+00,-8.577977e-01
-1.073189e+00,-8.577977e-01
-1.073189e+00,-8.137492e-01
-9.741727e-01,-8.137492e-01
-1.050680e+00,-8.137492e-01
-1.090344e+00,-8.137492e-01
-1.097254e+00,-8.137492e-01
-1.068416e+00,-8.137492e-01
-1.068416e+00,-8.137492e-01
-1.068416e+00,-8.137492e-01
-1.068416e+00,-8.137492e-01
-1.138494e+00,-8.137492e-01
-1.153442e+00,-8.137492e-01
-1.153442e+00,-7.854740e-01
-1.153442e+00,-8.118501e-01
-1.174537e+00,-8.118501e-01
-1.166584e+00,-8.118501e-01
-1.230658e+00,-8.118501e-01
-1.230658e+00,-8.118501e-01
-1.230658e+00,-8.305658e-01
-1.219256e+00,-8.305658e-01
-1.219256e+00,-8.671546e-01
-1.219256e+00,-8.671546e-01
-1.219256e+00,-7.885831e-01
-1.219256e+00,-7.885831e-01
-1.219256e+00,-7.811321e-01
-1.219256e+00,-7.811321e-01
-1.219256e+00,-7.503477e-01
-1.219256e+00,-7.503477e-01
-1.140350e+00,-7.503477e-01
-1.140350e+00,-8.076570e-01
-1.140350e+00,-8.076570e-01
-1.140350e+00,-7.757144e-01
-1.140350e+00,-7.757144e-01
-1.140350e+00,-7.663132e-01
-1.140350e+00,-7.663132e-01
-1.140350e+00,-7.663132e-01
-1.140350e+00,-7.663132e-01
-1.134483e+00,-7.663132e-01
-1.134483e+00,-7.752553e-01
-1.134917e+00,-7.752553e-01
-1.134917e+00,-8.282558e-01
-1.134917e+00,-7.590720e-01
-1.134917e+00,-8.348551e-01
-1.115914e+00,-8.348551e-01
-1.115914e+00,-8.348551e-01
-1.018455e+00,-8.348551e-01
-9.787203e-01,-8.348551e-01
-9.787203e-01,-8.348551e-01
-9.787203e-01,-8.348551e-01
-9.787203e-01,-8.348551e-01
-1.091227e+00,-8.348551e-01
-1.093386e+00,-8.348551e-01
-1.093386e+00,-8.348551e-01
-9.337833e-01,-8.348551e-01
-9.337833e-01,-8.944285e-01
-9.337833e-01,-9.101910e-01
-9.106455e-01,-9.101910e-01
-9.106455e-01,-9.101910e-01
-9.106455e-01,-9.101910e-01
-9.106455e-01,-9.101910e-01
-8.303916e-01,-9.101910e-01
-8.303916e-01,-9.101910e-01
-8.303916e-01,-9.101910e-01
-8.303916e-01,-8.976197e-01
-6.803580e-01,-8.976197e-01
-6.803580e-01,-9.951155e-01
-7.206675e-01,-9.951155e-01
-7.206675e-01,-9.951155e-01
-8.295762e-01,-9.951155e-01
-8.295762e-01,-9.951155e-01
-7.568706e-01,-9.951155e-01
-7.197260e-01,-9.951155e-01
-5.858538e-01,-9.951155e-01
-5.858538e-01,-9.951155e-01
-5.858538e-01,-9.951155e-01
-5.425366e-01,-9.951155e-01
-5.425366e-01,-9.951155e-01
-5.425366e-01,-9.951155e-01
-5.425366e-01,-9.951155e-01
-5.425366e-01,-9.951155e-01
-5.425366e-01,-9.951155e-01
-5.484704e-01,-9.951155e-01
-5.484704e-01,-1.030900e+00
-5.484704e-01,-1.030900e+00
-4.443493e-01,-1.030900e+00
-4.249714e-01,-1.030900e+00
-4.249714e-01,-1.053902e+00
-4.249714e-01,-1.053902e+00
-4.249714e-01,-1.010133e+00
-4.249714e-01,-1.010133e+00
-4.249714e-01,-9.917140e-01
-4.249714e-01,-1.058818e+00
-4.249714e-01,-1.058818e+00
-4.249714e-01,-1.058818e+00
-4.140150e-01,-1.058818e+00
-4.140150e-01,-1.058818e+00
-4.140150e-01,-1.058818e+00
-4.140150e-01,-1.058818e+00
-4.140150e-01,-1.058818e+00
-4.140150e-01,-1.058818e+00
-4.140150e-01,-1.058818e+00
-3.438797e-01,-1.058818e+00
-3.438797e-01,-1.058818e+00
-3.438797e-01,-1.058818e+00
-3.438797e-01,-1.058818e+00
-3.636469e-01,-1.058818e+00
-3.636469e-01,-1.058818e+00
-3.636469e-01,-1.058818e+00
-3.636469e-01,-1.058818e+00
-3.636469e-01,-1.058818e+00
-3.636469e-01,-1.058818e+00
-3.636469e-01,-1.075773e+00
-4.731816e-01,-1.075773e+00
-4.731816e-01,-1.075773e+00
-5.076857e-01,-1.075773e+00
-5.076857e-01,-1.075773e+00
-5.076857e-01,-9.930841e-01
-5.076857e-01,-9.949338e-01
-5.076857e-01,-9.949338e-01
-4.792070e-01,-9.949338e-01
-3.929301e-01,-9.949338e-01
-3.929301e-01,-1.063886e+00
-3.929301e-01,-1.063886e+00
-3.929301e-01,-1.063886e+00
-3.929301e-01,-1.005378e+00
-3.929301e-01,-1.005378e+00
-3.929301e-01,-1.005378e+00
-3.929301e-01,-1.005378e+00
-3.929301e-01,-1.005378e+00
-5.017951e-01,-1.005378e+00
-5.017951e-01,-1.029761e+00
-5.017951e-01,-1.029761e+00
-5.017951e-01,-1.006241e+00
-5.774845e-01,-1.006241e+00
-5.908086e-01,-1.006241e+00
-6.515246e-01,-1.006241e+00
-6.515246e-01,-1.006241e+00
-6.515246e-01,-1.006241e+00
-6.515246e-01,-1.006241e+00
-6.515246e-01,-1.006241e+00
-6.515246e-01,-1.001874e+00
-6.515246e-01,-1.001874e+00
-6.515246e-01,-1.027627e+00
-5.015064e-01,-1.027627e+00
-5.015064e-01,-1.002387e+00
-5.015064e-01,-9.409020e-01
-5.015064e-01,-9.754861e-01
-5.829158e-01,-9.754861e-01
-5.829158e-01,-1.005280e+00
-5.829158e-01,-1.005280e+00
-5.829158e-01,-1.005280e+00
-5.954979e-01,-1.005280e+00
-5.954979e-01,-1.005280e+00
-5.954979e-01,-1.010159e+00
-5.954979e-01,-9.845264e-01
-6.212331e-01,-9.845264e-01
-6.747292e-01,-9.845264e-01
-6.747292e-01,-9.845264e-01
-6.747292e-01,-9.545623e-01
-7.331671e-01,-9.545623e-01
-8.471266e-01,-9.545623e-01
-8.200009e-01,-9.545623e-01
-6.895268e-01,-9.545623e-01
-6.895268e-01,-9.545623e-01
-6.895268e-01,-9.545623e-01
-7.177456e-01,-9.545623e-01
-7.177456e-01,-9.545623e-01
-7.177456e-01,-9.545623e-01
-7.195914e-01,-9.545623e-01
-7.195914e-01,-9.545623e-01
-7.195914e-01,-9.545623e-01
-7.895281e-01,-9.545623e-01
-7.895281e-01,-9.545623e-01
-7.895281e-01,-9.545623e-01
-7.895281e-01,-9.545623e-01
-7.596104e-01,-9.545623e-01
-7.596104e-01,-9.545623e-01
-7.596104e-01,-9.545623e-01
-6.520538e-01,-9.545623e-01
-6.735612e-01,-9.545623e-01
-8.348646e-01,-9.545623e-01
-7.543668e-01,-9.545623e-01
-7.543668e-01,-9.545623e-01
-7.543668e-01,-9.545623e-01
-7.301879e-01,-9.545623e-01
-7.301879e-01,-9.545623e-01
-7.166290e-01,-9.545623e-01
-7.816995e-01,-9.545623e-01
-7.816995e-01,-9.545623e-01
-7.816995e-01,-9.545623e-01
-7.816995e-01,-9.545623e-01
-7.816995e-01,-9.037918e-01
-9.039369e-01,-9.037918e-01
-9.039369e-01,-9.089213e-01
-9.039369e-01,-9.089213e-01
-9.039369e-01,-9.089213e-01
-8.786709e-01,-9.089213e-01
-8.861346e-01,-9.089213e-01
-8.861346e-01,-9.220478e-01
-8.620227e-01,-9.220478e-01
-8.620227e-01,-9.222487e-01
-7.182920e-01,-9.222487e-01
-7.182920e-01,-9.222487e-01
-7.182920e-01,-9.378060e-01
-7.351202e-01,-9.378060e-01
-7.351202e-01,-9.378060e-01
-7.351202e-01,-9.378060e-01
-7.397011e-01,-9.378060e-01
-7.385124e-01,-9.378060e-01
-7.385124e-01,-9.378060e-01
-7.385124e-01,-9.578037e-01
-8.536133e-01,-9.578037e-01
-8.536133e-01,-9.578037e-01
-7.776273e-01,-9.578037e-01
-7.776273e-01,-9.578037e-01
-7.845430e-01,-9.578037e-01
-7.845430e-01,-9.578037e-01
-8.361421e-01,-9.578037e-01
-8.361421e-01,-9.578037e-01
-8.112655e-01,-9.578037e-01
-8.112655e-01,-9.578037e-01
-7.910959e-01,-9.578037e-01
-7.910959e-01,-9.578037e-01
-7.910959e-01,-9.578037e-01
-7.910959e-01,-9.578037e-01
-7.910959e-01,-9.578037e-01
-7.910959e-01,-9.578037e-01
-7.960886e-01,-9.578037e-01
-7.960886e-01,-9.523282e-01
-7.960886e-01,-9.523282e-01
-7.960886e-01,-9.303661e-01
-7.717085e-01,-9.303661e-01
-7.835653e-01,-9.303661e-01
-7.835653e-01,-9.303661e-01
-8.336309e-01,-9.303661e-01
-8.336309e-01,-9.303661e-01
-8.706579e-01,-9.303661e-01
-8.706579e-01,-9.303661e-01
-8.706579e-01,-9.303661e-01
-8.706579e-01,-9.303661e-01
-8.706579e-01,-8.700823e-01
-8.706579e-01,-8.700823e-01
-8.706579e-01,-8.700823e-01
-8.706579e-01,-8.700823e-01
-1.097417e+00,-8.700823e-01
-1.037289e+00,-8.700823e-01
-1.037289e+00,-8.700823e-01
-1.037289e+00,-8.700823e-01
-1.037289e+00,-8.700823e-01
-1.037289e+00,-8.700823e-01
-8.703662e-01,-8.700823e-01
-8.703662e-01,-8.700823e-01
-9.495809e-01,-8.700823e-01
-9.495809e-01,-8.700823e-01
-9.495809e-01,-8.700823e-01
-9.495809e-01,-8.700823e-01
-8.802510e-01,-8.700823e-01
-8.802510e-01,-8.700823e-01
-8.802510e-01,-8.700823e-01
-8.709245e-01,-8.700823e-01
-8.709245e-01,-8.700823e-01
-9.125198e-01,-8.700823e-01
-9.125198e-01,-8.700823e-01
-9.395892e-01,-8.700823e-01
-9.395892e-01,-8.700823e-01
-9.395892e-01,-8.700823e-01
-9.580627e-01,-8.700823e-01
-9.580627e-01,-8.700823e-01
-9.203149e-01,-8.700823e-01
-7.851674e-01,-8.700823e-01
-7.851674e-01,-8.861963e-01
-9.569232e-01,-8.861963e-01
-9.569232e-01,-8.290691e-01
-9.569232e-01,-8.290691e-01
-9.569232e-01,-8.290691e-01
-9.025930e-01,-8.290691e-01
-9.766378e-01,-8.290691e-01
-9.766378e-01,-8.696356e-01
-9.766378e-01,-8.505685e-01
-9.766378e-01,-8.505685e-01
-1.016532e+00,-8.505685e-01
-1.081587e+00,-8.505685e-01
-1.081587e+00,-8.505685e-01
-1.066397e+00,-8.505685e-01
-1.066397e+00,-8.266373e-01
-1.066397e+00,-8.266373e-01
-1.066397e+00,-8.816955e-01
-1.025175e+00,-8.816955e-01
-1.025175e+00,-8.816955e-01
-1.025175e+00,-8.816955e-01
-1.025175e+00,-8.816955e-01
-9.404887e-01,-8.816955e-01
-9.404887e-01,-8.816955e-01
-9.404887e-01,-8.729446e-01
-9.495607e-01,-8.729446e-01
-8.740781e-01,-8.729446e-01
-9.602047e-01,-8.729446e-01
-9.602047e-01,-8.729446e-01
-1.027016e+00,-8.729446e-01
-1.027016e+00,-8.729446e-01
-1.027016e+00,-8.729446e-01
-1.027016e+00,-8.572295e-01
-1.056756e+00,-8.572295e-01
-1.056756e+00,-8.572295e-01
-8.426580e-01,-8.572295e-01
-9.143681e-01,-8.572295e-01
-9.692538e-01,-8.572295e-01
-8.504729e-01,-8.572295e-01
-8.504729e-01,-8.572295e-01
-8.504729e-01,-8.566710e-01
-9.997677e-01,-8.566710e-01
-9.997677e-01,-8.566710e-01
-9.997677e-01,-8.566710e-01
-1.020651e+00,-8.566710e-01
-9.996176e-01,-8.566710e-01
-1.074085e+00,-8.566710e-01
-1.074085e+00,-8.566710e-01
-1.074085e+00,-8.566710e-01
-1.036064e+00,-8.566710e-01
-1.036064e+00,-8.539767e-01
-1.036064e+00,-8.539767e-01
-1.036064e+00,-8.539767e-01
-1.036064e+00,-8.539767e-01
-1.036064e+00,-8.539767e-01
-9.181223e-01,-8.539767e-01
-9.181223e-01,-8.539767e-01
-9.181223e-01,-8.539767e-01
-1.061731e+00,-8.539767e-01
-1.076648e+00,-8.539767e-01
-1.076648e+00,-8.113700e-01
-1.079860e+00,-8.113700e-01
-1.286929e+00,-8.113700e-01
-1.286929e+00,-8.028895e-01
-1.286929e+00,-8.186207e-01
-1.286929e+00,-8.186207e-01
-1.213090e+00,-8.186207e-01
-1.213090e+00,-8.186207e-01
-1.213090e+00,-8.186207e-01
-1.117239e+00,-8.186207e-01
-1.117239e+00,-8.186207e-01
-1.117239e+00,-8.186207e-01
-1.054167e+00,-8.186207e-01
-1.054167e+00,-8.351802e-01
-1.054167e+00,-8.351802e-01
-1.092466e+00,-8.351802e-01
-1.092466e+00,-8.237172e-01
-1.336092e+00,-8.237172e-01
-1.262204e+00,-8.237172e-01
-1.262204e+00,-8.237172e-01
-1.165640e+00,-8.237172e-01
-1.165640e+00,-8.237172e-01
-1.185791e+00,-8.237172e-01
-1.185791e+00,-8.237172e-01
-1.185791e+00,-8.237172e-01
-1.185791e+00,-8.237172e-01
-1.185791e+00,-8.237172e-01
-1.089919e+00,-8.237172e-01
-9.848492e-01,-8.237172e-01
-9.848492e-01,-8.237172e-01
-9.848492e-01,-9.264266e-01
-9.848492e-01,-9.110256e-01
-9.848492e-01,-9.110256e-01
-9.848492e-01,-9.146657e-01
-8.600850e-01,-9.146657e-01
-8.600850e-01,-9.025171e-01
-9.279310e-01,-9.025171e-01
-9.279310e-01,-9.025171e-01
-9.279310e-01,-9.025171e-01
-9.279310e-01,-9.025171e-01
-9.279310e-01,-9.025171e-01
-9.279310e-01,-9.025171e-01
-9.279310e-01,-9.189991e-01
-9.279310e-01,-8.171827e-01
-9.279310e-01,-9.281678e-01
-9.286744e-01,-9.281678e-01
-9.286744e-01,-9.281678e-01
-9.286744e-01,-9.281678e-01
-9.286744e-01,-9.101546e-01
-9.286744e-01,-9.101546e-01
-9.286744e-01,-9.101546e-01
-9.286744e-01,-9.101546e-01
-9.286744e-01,-9.101546e-01
-7.821798e-01,-9.101546e-01
-7.821798e-01,-8.861607e-01
-7.821798e-01,-8.861607e-01
-7.821798e-01,-8.541390e-01
-7.821798e-01,-8.541390e-01
-7.821798e-01,-9.668051e-01
-7.336321e-01,-9.668051e-01
-7.336321e-01,-9.668051e-01
-6.321135e-01,-9.668051e-01
-6.321135e-01,-9.668051e-01
-6.670372e-01,-9.668051e-01
-6.077633e-01,-9.668051e-01
-5.910805e-01,-9.668051e-01
-5.910805e-01,-9.668051e-01
-6.617256e-01,-9.668051e-01
-6.617256e-01,-1.054948e+00
-6.617256e-01,-1.054948e+00
-6.617256e-01,-1.054948e+00
-6.617256e-01,-8.930750e-01
